Portfolio Name,Symbol,ISIN,Name,Transaction Date,Transaction Type,Transaction Amount,Transaction Charges,Transaction Units,Transaction Price,Price,Date
BSE,ADANIPORTS,INE742F01042,Adani Ports and Special Economic Zone Limited,2024-08-05,Purchase,4547.37,29.37,3,1506,1796,2026-06-25
BSE,ADANIPORTS,INE742F01042,Adani Ports and Special Economic Zone Limited,2025-07-01,Dividend,21,0,0,0,1796,2026-06-25
BSE,ADANIPOWER,INE814H01011,Adani Power Limited,2024-08-13,Purchase,4684.67,6.22,7,668.35,229.27,2026-06-25
BSE,ADANIPOWER,INE814H01011,Adani Power Limited,2025-09-22,Bonus,0,0,28,0,229.27,2026-06-25
BSE,AXISBANK,INE238A01034,Axis Bank Limited,2024-07-25,Purchase,4697.55,29.55,4,1167,1377.2,2026-06-25
BSE,AXISBANK,INE238A01034,Axis Bank Limited,2025-07-28,Dividend,4,0,0,0,1377.2,2026-06-25
BSE,BAJFINANCE,INE296A01024,Bajaj Finance Limited,2024-07-23,Purchase,6738.97,31.97,1,6707,980.4,2026-06-25
BSE,BAJFINANCE,INE296A01024,Bajaj Finance Limited,2024-07-24,Purchase,6581.79,31.79,1,6550,980.4,2026-06-25
BSE,BAJFINANCE,INE296A01024,Bajaj Finance Limited,2024-09-16,Purchase,7383.71,8.71,1,7375,980.4,2026-06-25
BSE,BAJFINANCE,INE296A01024,Bajaj Finance Limited,2024-10-04,Purchase,7208.53,8.53,1,7200,980.4,2026-06-25
BSE,BAJFINANCE,INE296A01024,Bajaj Finance Limited,2025-05-26,Dividend,24,0,0,0,980.4,2026-06-25
BSE,BAJFINANCE,INE296A01024,Bajaj Finance Limited,2025-05-26,Dividend,24,0,0,0,980.4,2026-06-25
BSE,BAJFINANCE,INE296A01024,Bajaj Finance Limited,2025-06-16,Bonus,0,0,18,0,980.4,2026-06-25
BSE,BAJFINANCE,INE296A01024,Bajaj Finance Limited,2025-06-16,Bonus,0,0,18,0,980.4,2026-06-25
BSE,BAJFINANCE,INE296A01024,Bajaj Finance Limited,2025-06-17,Purchase,8379.75,9.75,9,930,980.4,2026-06-25
BSE,BAJFINANCE,INE296A01024,Bajaj Finance Limited,2025-07-25,Dividend,88,0,0,0,980.4,2026-06-25
BSE,BAJFINANCE,INE296A01024,Bajaj Finance Limited,2025-07-25,Dividend,88,0,0,0,980.4,2026-06-25
BSE,HDFCBANK,INE040A01034,HDFC Bank Limited,2024-08-13,Purchase,4842.06,6.06,3,1612,796.3,2026-06-25
BSE,HDFCBANK,INE040A01034,HDFC Bank Limited,2025-08-11,Dividend,15,0,0,0,796.3,2026-06-25
BSE,HDFCBANK,INE040A01034,HDFC Bank Limited,2025-08-11,Dividend,66,0,0,0,796.3,2026-06-25
BSE,HDFCBANK,INE040A01034,HDFC Bank Limited,2025-08-29,Bonus,0,0,3,0,796.3,2026-06-25
BSE,INDUSINDBK,INE095A01012,IndusInd Bank Limited,2024-10-29,Purchase,5206.44,6.44,5,1040,918.95,2026-06-25
BSE,INDUSINDBK,INE095A01012,IndusInd Bank Limited,2025-05-22,Purchase,5466.71,6.71,7,780,918.95,2026-06-25
BSE,INFY,INE009A01021,Infosys Limited,2024-09-18,Purchase,5676.93,6.93,3,1890,1041.2,2026-06-25
BSE,INFY,INE009A01021,Infosys Limited,2024-10-18,Purchase,5631.88,6.88,3,1875,1041.2,2026-06-25
BSE,INFY,INE009A01021,Infosys Limited,2024-10-31,Purchase,5272.71,6.51,3,1755.4,1041.2,2026-06-25
BSE,INFY,INE009A01021,Infosys Limited,2024-11-08,Dividend,113,0,0,0,1041.2,2026-06-25
BSE,INFY,INE009A01021,Infosys Limited,2025-06-30,Dividend,198,0,0,0,1041.2,2026-06-25
BSE,INFY,INE009A01021,Infosys Limited,2025-11-07,Dividend,166.5,0,0,0,1041.2,2026-06-25
BSE,INFY,INE009A01021,Infosys Limited,2026-06-25,Dividend,425,0,0,0,1041.2,2026-06-25
BSE,ITCHOTELS,INE379A01028,ITC Hotels Limited,2024-10-09,Bonus,0,0,1,0,173.68,2026-06-25
BSE,ITC,INE154A01025,ITC Limited,2024-10-09,Purchase,4916.13,6.13,10,491,290,2026-06-25
BSE,ITC,INE154A01025,ITC Limited,2025-03-07,Dividend,65,0,0,0,290,2026-06-25
BSE,ITC,INE154A01025,ITC Limited,2026-02-27,Dividend,65,0,0,0,290,2026-06-25
BSE,JSWSTEEL,INE019A01038,JSW Steel Limited,2024-08-02,Purchase,4559.39,29.39,5,906,1231,2026-06-25
BSE,JSWSTEEL,INE019A01038,JSW Steel Limited,2024-08-05,Purchase,6142.27,31.27,7,873,1231,2026-06-25
BSE,JSWSTEEL,INE019A01038,JSW Steel Limited,2024-10-08,Purchase,4951.17,6.17,5,989,1231,2026-06-25
BSE,JSWSTEEL,INE019A01038,JSW Steel Limited,2025-07-29,Dividend,14,0,0,0,1231,2026-06-25
BSE,JSWSTEEL,INE019A01038,JSW Steel Limited,2025-07-29,Dividend,33.6,0,0,0,1231,2026-06-25
BSE,KPEL,INE127T01013,K.P. Energy Limited,2025-07-08,Purchase,14226.8,16.83,29,490,349.25,2026-06-25
BSE,KPEL,INE127T01013,K.P. Energy Limited,2025-09-01,Dividend,5.8,0,0,0,349.25,2026-06-25
BSE,KPEL,INE127T01013,K.P. Energy Limited,2025-10-15,Dividend,2.9,0,0,0,349.25,2026-06-25
BSE,KPEL,INE127T01013,K.P. Energy Limited,2025-12-03,Dividend,7.25,0,0,0,349.25,2026-06-25
BSE,KOTAKBANK,INE237A01028,Kotak Mahindra Bank Limited,2024-07-22,Purchase,5355.33,30.33,3,1775,405.95,2026-06-24
BSE,KOTAKBANK,INE237A01028,Kotak Mahindra Bank Limited,2025-08-04,Dividend,7.5,0,0,0,405.95,2026-06-24
BSE,KOTAKBANK,INE237A01028,Kotak Mahindra Bank Limited,2025-09-01,Sale,-5902.77,7.23,-3,1970,405.95,2026-06-24
BSE,LT,INE018A01030,Larsen & Toubro Limited,2024-07-25,Purchase,7002.3,32.3,2,3485,4216.4,2026-06-25
BSE,LT,INE018A01030,Larsen & Toubro Limited,2025-06-21,Dividend,68,0,0,0,4216.4,2026-06-25
BSE,LT,INE018A01030,Larsen & Toubro Limited,2026-06-10,Dividend,76,0,0,0,4216.4,2026-06-25
BSE,M&M,INE101A01026,Mahindra & Mahindra Limited,2024-08-01,Purchase,5674.71,30.71,2,2822,3182.2,2026-06-25
BSE,M&M,INE101A01026,Mahindra & Mahindra Limited,2024-10-04,Purchase,6075.34,7.34,2,3034,3182.2,2026-06-25
BSE,M&M,INE101A01026,Mahindra & Mahindra Limited,2024-10-17,Purchase,5937.2,7.2,2,2965,3182.2,2026-06-25
BSE,M&M,INE101A01026,Mahindra & Mahindra Limited,2025-08-05,Dividend,50.6,0,0,0,3182.2,2026-06-25
BSE,M&M,INE101A01026,Mahindra & Mahindra Limited,2025-08-05,Dividend,101.2,0,0,0,3182.2,2026-06-25
BSE,NESTLEIND,INE239A01016,Nestle India Limited,2024-07-25,Purchase,4969.89,29.89,2,2470,1402.6,2026-06-25
BSE,NESTLEIND,INE239A01016,Nestle India Limited,2024-10-17,Purchase,4765.98,5.98,2,2380,1402.6,2026-06-25
BSE,NESTLEIND,INE239A01016,Nestle India Limited,2025-02-27,Dividend,28.5,0,0,0,1402.6,2026-06-25
BSE,NESTLEIND,INE239A01016,Nestle India Limited,2025-02-27,Dividend,28.5,0,0,0,1402.6,2026-06-25
BSE,NESTLEIND,INE239A01016,Nestle India Limited,2025-07-24,Dividend,20,0,0,0,1402.6,2026-06-25
BSE,NESTLEIND,INE239A01016,Nestle India Limited,2025-07-24,Dividend,20,0,0,0,1402.6,2026-06-25
BSE,NESTLEIND,INE239A01016,Nestle India Limited,2025-08-08,Bonus,0,0,4,0,1402.6,2026-06-25
BSE,NESTLEIND,INE239A01016,Nestle India Limited,2026-02-26,Dividend,28,0,0,0,1402.6,2026-06-25
BSE,NESTLEIND,INE239A01016,Nestle India Limited,2026-02-26,Dividend,28,0,0,0,1402.6,2026-06-25
BSE,NMDC,INE584A01023,NMDC Limited,2025-06-17,Purchase,1962.05,2.05,28,70,84.94,2026-06-25
BSE,NMDC,INE584A01023,NMDC Limited,2025-09-25,Dividend,28,0,0,0,84.94,2026-06-25
BSE,NMDC,INE584A01023,NMDC Limited,2026-03-02,Dividend,70,0,0,0,84.94,2026-06-25
BSE,POWERGRID,INE752E01010,Power Grid Corporation of India Limited,2024-07-23,Purchase,4979.89,29.89,15,330,283.9,2026-06-25
BSE,POWERGRID,INE752E01010,Power Grid Corporation of India Limited,2024-09-11,Dividend,41.25,0,0,0,283.9,2026-06-25
BSE,POWERGRID,INE752E01010,Power Grid Corporation of India Limited,2024-09-27,Purchase,4962.18,6.18,14,354,283.9,2026-06-25
BSE,POWERGRID,INE752E01010,Power Grid Corporation of India Limited,2025-02-28,Dividend,48.75,0,0,0,283.9,2026-06-25
BSE,POWERGRID,INE752E01010,Power Grid Corporation of India Limited,2025-02-28,Dividend,45.5,0,0,0,283.9,2026-06-25
BSE,POWERGRID,INE752E01010,Power Grid Corporation of India Limited,2025-09-12,Dividend,18.75,0,0,0,283.9,2026-06-25
BSE,POWERGRID,INE752E01010,Power Grid Corporation of India Limited,2025-09-12,Dividend,17.5,0,0,0,283.9,2026-06-25
BSE,POWERGRID,INE752E01010,Power Grid Corporation of India Limited,2025-12-01,Dividend,67.5,0,0,0,283.9,2026-06-25
BSE,POWERGRID,INE752E01010,Power Grid Corporation of India Limited,2025-12-01,Dividend,63,0,0,0,283.9,2026-06-25
BSE,POWERGRID,INE752E01010,Power Grid Corporation of India Limited,2026-02-27,Dividend,48.75,0,0,0,283.9,2026-06-25
BSE,POWERGRID,INE752E01010,Power Grid Corporation of India Limited,2026-02-27,Dividend,45.5,0,0,0,283.9,2026-06-25
BSE,RELIANCE,INE002A01018,Reliance Industries Limited,2024-07-22,Purchase,6082.9,31.9,2,3025.5,1318.1,2026-06-25
BSE,RELIANCE,INE002A01018,Reliance Industries Limited,2024-08-29,Dividend,20,0,0,0,1318.1,2026-06-25
BSE,RELIANCE,INE002A01018,Reliance Industries Limited,2024-10-01,Purchase,5863.12,7.12,2,2928,1318.1,2026-06-25
BSE,RELIANCE,INE002A01018,Reliance Industries Limited,2024-10-28,Bonus,0,0,4,0,1318.1,2026-06-25
BSE,RELIANCE,INE002A01018,Reliance Industries Limited,2025-08-29,Dividend,22,0,0,0,1318.1,2026-06-25
BSE,RELIANCE,INE002A01018,Reliance Industries Limited,2025-08-29,Dividend,22,0,0,0,1318.1,2026-06-25
BSE,RELIANCE,INE002A01018,Reliance Industries Limited,2026-06-19,Dividend,24,0,0,0,1318.1,2026-06-25
BSE,RELIANCE,INE002A01018,Reliance Industries Limited,2026-06-19,Dividend,24,0,0,0,1318.1,2026-06-25
BSE,SBIN,INE062A01020,State Bank of India,2024-07-23,Purchase,5190.14,30.14,6,860,1044.75,2026-06-25
BSE,SBIN,INE062A01020,State Bank of India,2024-08-05,Purchase,5700.74,30.74,7,810,1044.75,2026-06-25
BSE,SBIN,INE062A01020,State Bank of India,2024-09-06,Purchase,4775.99,5.99,6,795,1044.75,2026-06-25
BSE,SBIN,INE062A01020,State Bank of India,2025-05-30,Dividend,95.4,0,0,0,1044.75,2026-06-25
BSE,SBIN,INE062A01020,State Bank of India,2025-05-30,Dividend,206.7,0,0,0,1044.75,2026-06-25
BSE,SBIN,INE062A01020,State Bank of India,2026-06-04,Dividend,104.1,0,0,0,1044.75,2026-06-25
BSE,SBIN,INE062A01020,State Bank of India,2026-06-04,Dividend,225.55,0,0,0,1044.75,2026-06-25
BSE,SBIN,INE062A01020,State Bank of India,2026-06-15,Sale,-6161.6,6.4,-6,1028,1044.75,2026-06-25
BSE,SBIN,INE062A01020,State Bank of India,2026-06-15,Sale,-13335,29,-13,1028,1044.75,2026-06-25
BSE,TCS,INE467B01029,Tata Consultancy Services Limited,2024-09-18,Purchase,4377.57,5.57,1,4372,2094.7,2026-06-25
BSE,TCS,INE467B01029,Tata Consultancy Services Limited,2024-10-31,Purchase,3965.14,5.14,1,3960,2094.7,2026-06-25
BSE,TCS,INE467B01029,Tata Consultancy Services Limited,2024-11-05,Dividend,10,0,0,0,2094.7,2026-06-25
BSE,TCS,INE467B01029,Tata Consultancy Services Limited,2025-02-03,Dividend,152,0,0,0,2094.7,2026-06-25
BSE,TCS,INE467B01029,Tata Consultancy Services Limited,2025-06-24,Dividend,60,0,0,0,2094.7,2026-06-25
BSE,TCS,INE467B01029,Tata Consultancy Services Limited,2025-08-04,Dividend,22,0,0,0,2094.7,2026-06-25
BSE,TCS,INE467B01029,Tata Consultancy Services Limited,2025-11-04,Dividend,22,0,0,0,2094.7,2026-06-25
BSE,TCS,INE467B01029,Tata Consultancy Services Limited,2026-02-03,Dividend,114,0,0,0,2094.7,2026-06-25
BSE,TCS,INE467B01029,Tata Consultancy Services Limited,2026-06-12,Dividend,62,0,0,0,2094.7,2026-06-25
BSE,TMCV,INE1TAE01010,Tata Motors Limited,2025-10-16,Bonus,0,0,13,0,431.9,2026-06-25
BSE,TMPV,INE155A01022,Tata Motors Passenger Vehicles Limited,2024-08-02,Purchase,4465.89,29.29,4,1109.15,353.2,2026-06-25
BSE,TMPV,INE155A01022,Tata Motors Passenger Vehicles Limited,2024-08-05,Purchase,4241.01,29.01,4,1053,353.2,2026-06-25
BSE,TMPV,INE155A01022,Tata Motors Passenger Vehicles Limited,2024-09-11,Purchase,4891.11,6.11,5,977,353.2,2026-06-25
BSE,TMPV,INE155A01022,Tata Motors Passenger Vehicles Limited,2024-11-14,Dividend,720,0,0,0,353.2,2026-06-25
BSE,TMPV,INE155A01022,Tata Motors Passenger Vehicles Limited,2024-11-14,Dividend,45,0,0,0,353.2,2026-06-25
BSE,TMPV,INE155A01022,Tata Motors Passenger Vehicles Limited,2025-06-23,Dividend,48,0,0,0,353.2,2026-06-25
BSE,TMPV,INE155A01022,Tata Motors Passenger Vehicles Limited,2025-06-23,Dividend,30,0,0,0,353.2,2026-06-25
BSE,TMPV,INE155A01022,Tata Motors Passenger Vehicles Limited,2025-11-06,Dividend,45,0,0,0,353.2,2026-06-25
BSE,TATASTEEL,INE081A01020,Tata Steel Limited,2024-08-02,Purchase,4927.83,29.83,31,158,188.71,2026-06-25
BSE,TATASTEEL,INE081A01020,Tata Steel Limited,2024-10-08,Purchase,5030.25,6.25,32,157,188.71,2026-06-25
BSE,TATASTEEL,INE081A01020,Tata Steel Limited,2025-07-04,Dividend,115.2,0,0,0,188.71,2026-06-25
BSE,TATASTEEL,INE081A01020,Tata Steel Limited,2025-07-04,Dividend,111.6,0,0,0,188.71,2026-06-25
BSE,TATASTEEL,INE081A01020,Tata Steel Limited,2026-06-15,Sale,-6393.31,6.69,-32,200,188.71,2026-06-25
BSE,TATASTEEL,INE081A01020,Tata Steel Limited,2026-06-15,Sale,-6157,43,-31,200,188.71,2026-06-25
BSE,TECHM,INE669C01036,Tech Mahindra Limited,2024-09-18,Purchase,4806.02,6.02,3,1600,1437.1,2026-06-25
BSE,TITAN,INE280A01028,Titan Company Limited,2024-10-08,Purchase,3487.64,4.64,1,3483,4301.5,2026-06-25
BSE,TITAN,INE280A01028,Titan Company Limited,2025-07-25,Dividend,11,0,0,0,4301.5,2026-06-25
BSE,TITAN,INE280A01028,Titan Company Limited,2026-06-15,Sale,-4238.56,4.44,-1,4243,4301.5,2026-06-25
ChatGPT. Chk Irr 11/8/26,AARTIIND,INE769A01020,Aarti Industries Limited,2025-07-22,Purchase,12040,0,28,430,466.05,2026-06-25
ChatGPT. Chk Irr 11/8/26,CPSEETF,INF457M01133,CPSE ETF,2025-07-17,Purchase,40012.8,0,429,93.27,96.14,2026-06-25
ChatGPT. Chk Irr 11/8/26,DEEPAKNTR,INE288B01029,Deepak Nitrite Limited,2025-08-01,Purchase,9200,0,5,1840,1622.4,2026-06-25
ChatGPT. Chk Irr 11/8/26,GNFC,INE113A01013,Gujarat Narmada Valley Fertilizers and Chemicals Limited,2025-08-07,Purchase,9785,0,19,515,546.85,2026-06-25
ChatGPT. Chk Irr 11/8/26,MOM100,INF247L01023,Motilal Oswal Midcap 100 ETF,2025-07-17,Purchase,41988.9,0,657,63.91,66.73,2026-06-25
ChatGPT. Chk Irr 11/8/26,PHARMABEES,INF204KC1089,Nippon India Nifty Pharma ETF,2025-07-17,Purchase,31997.8,0,1381,23.17,25.63,2026-06-25
ChatGPT. Chk Irr 11/8/26,PIIND,INE603J01030,PI Industries Limited,2025-08-11,Purchase,11406,0,3,3802,2684.9,2026-06-25
ChatGPT. Chk Irr 11/8/26,SRF,INE647A01010,SRF Limited,2025-07-31,Purchase,12000,0,4,3000,2732.9,2026-06-25
ChatGPT. Chk Irr 11/8/26,WAAREERTL,INE299N01021,Waaree Renewable Technologies Limited,2025-07-21,Purchase,55500,0,50,1110,1020.65,2026-06-25
Overall,ADANIGREEN,INE364U01010,Adani Green Energy Limited,2020-09-08,Purchase,5691.53,48.53,10,564.3,1493.5,2026-06-15
Overall,ADANIGREEN,INE364U01010,Adani Green Energy Limited,2020-09-15,Purchase,16816.4,128.9,25,667.5,1493.5,2026-06-15
Overall,ADANIGREEN,INE364U01010,Adani Green Energy Limited,2021-06-14,Sale,-40424.4,65.3,-35,1156.85,1493.5,2026-06-15
Overall,ADANIGREEN,INE364U01010,Adani Green Energy Limited,2023-05-24,Purchase,49572,82,49,1010,1493.5,2026-06-15
Overall,ADANIGREEN,INE364U01010,Adani Green Energy Limited,2023-10-26,Purchase,49462,82,60,823,1493.5,2026-06-15
Overall,ADANIGREEN,INE364U01010,Adani Green Energy Limited,2024-02-15,Sale,-1873.55,63.75,-1,1937.3,1493.5,2026-06-15
Overall,ADANIGREEN,INE364U01010,Adani Green Energy Limited,2024-02-15,Sale,-44489.6,63.75,-23,1937.1,1493.5,2026-06-15
Overall,ADANIGREEN,INE364U01010,Adani Green Energy Limited,2024-02-15,Sale,-135530,63.75,-70,1937.05,1493.5,2026-06-15
Overall,ADANIGREEN,INE364U01010,Adani Green Energy Limited,2024-02-15,Sale,-28995,63.75,-15,1937.25,1493.5,2026-06-15
Overall,ADANIPORTS,INE742F01042,Adani Ports and Special Economic Zone Limited,2024-08-05,Purchase,4547.37,29.37,3,1506,1796,2026-06-25
Overall,ADANIPORTS,INE742F01042,Adani Ports and Special Economic Zone Limited,2025-07-01,Dividend,21,0,0,0,1796,2026-06-25
Overall,ADANIPOWER,INE814H01011,Adani Power Limited,2024-04-19,Purchase,49806,81,85,585,229.27,2026-06-25
Overall,ADANIPOWER,INE814H01011,Adani Power Limited,2024-08-13,Purchase,4684.67,6.22,7,668.35,229.27,2026-06-25
Overall,ADANIPOWER,INE814H01011,Adani Power Limited,2025-09-22,Bonus,0,0,368,0,229.27,2026-06-25
Overall,ADANIPOWER,INE814H01011,Adani Power Limited,2025-09-22,Purchase,34856.1,41.12,211,165,229.27,2026-06-25
Overall,ATGL,INE399L01023,Adani Total Gas Limited,2023-11-29,Purchase,49723,83,68,730,,
Overall,ATGL,INE399L01023,Adani Total Gas Limited,2024-02-26,Sale,-72309.3,110.68,-68,1065,,
Overall,AWL,INE699H01024,Adani Wilmar Limited,2022-02-11,Purchase,79781.1,47.15,194,411,,
Overall,AWL,INE699H01024,Adani Wilmar Limited,2022-02-11,Purchase,18542.2,47.15,45,411,,
Overall,AWL,INE699H01024,Adani Wilmar Limited,2022-02-11,Purchase,1691.15,47.15,4,411,,
Overall,AWL,INE699H01024,Adani Wilmar Limited,2022-09-23,Sale,-203874,245.64,-243,840,,
Overall,AXISBANK,INE238A01034,Axis Bank Limited,2019-01-30,Purchase,713.98,21.48,1,692.5,1377.2,2026-06-25
Overall,AXISBANK,INE238A01034,Axis Bank Limited,2019-07-22,Dividend,1,0,0,0,1377.2,2026-06-25
Overall,AXISBANK,INE238A01034,Axis Bank Limited,2020-03-09,Purchase,3132.13,41.38,5,618.15,1377.2,2026-06-25
Overall,AXISBANK,INE238A01034,Axis Bank Limited,2021-03-31,Sale,-695.4,4.85,-1,700.25,1377.2,2026-06-25
Overall,AXISBANK,INE238A01034,Axis Bank Limited,2021-04-01,Sale,-3477.48,24.27,-5,700.35,1377.2,2026-06-25
Overall,AXISBANK,INE238A01034,Axis Bank Limited,2024-07-25,Purchase,4697.55,29.55,4,1167,1377.2,2026-06-25
Overall,AXISBANK,INE238A01034,Axis Bank Limited,2025-09-01,Dividend,4,0,0,0,1377.2,2026-06-25
Overall,BAJFINANCE,INE296A01024,Bajaj Finance Limited,2020-05-22,Purchase,5802.45,42.45,3,1920,980.4,2026-06-25
Overall,BAJFINANCE,INE296A01024,Bajaj Finance Limited,2021-07-26,Dividend,30,0,0,0,980.4,2026-06-25
Overall,BAJFINANCE,INE296A01024,Bajaj Finance Limited,2021-08-23,Sale,-20355.4,44.61,-3,6800,980.4,2026-06-25
Overall,BAJFINANCE,INE296A01024,Bajaj Finance Limited,2024-07-23,Purchase,6738.97,31.97,1,6707,980.4,2026-06-25
Overall,BAJFINANCE,INE296A01024,Bajaj Finance Limited,2024-07-24,Purchase,6581.79,31.79,1,6550,980.4,2026-06-25
Overall,BAJFINANCE,INE296A01024,Bajaj Finance Limited,2024-09-16,Purchase,7383.71,8.71,1,7375,980.4,2026-06-25
Overall,BAJFINANCE,INE296A01024,Bajaj Finance Limited,2024-10-04,Purchase,7208.53,8.53,1,7200,980.4,2026-06-25
Overall,BAJFINANCE,INE296A01024,Bajaj Finance Limited,2025-05-26,Dividend,24,0,0,0,980.4,2026-06-25
Overall,BAJFINANCE,INE296A01024,Bajaj Finance Limited,2025-05-26,Dividend,24,0,0,0,980.4,2026-06-25
Overall,BAJFINANCE,INE296A01024,Bajaj Finance Limited,2025-06-16,Bonus,0,0,18,0,980.4,2026-06-25
Overall,BAJFINANCE,INE296A01024,Bajaj Finance Limited,2025-06-16,Bonus,0,0,18,0,980.4,2026-06-25
Overall,BAJFINANCE,INE296A01024,Bajaj Finance Limited,2025-06-17,Purchase,8379.75,9.75,9,930,980.4,2026-06-25
Overall,BAJFINANCE,INE296A01024,Bajaj Finance Limited,2025-07-25,Dividend,88,0,0,0,980.4,2026-06-25
Overall,BAJFINANCE,INE296A01024,Bajaj Finance Limited,2025-07-25,Dividend,88,0,0,0,980.4,2026-06-25
Overall,BHARTIARTL,INE397D01024,Bharti Airtel Limited,2021-08-31,Purchase,50983.8,63.79,80,636.5,,
Overall,BHARTIARTL,INE397D01024,Bharti Airtel Limited,2022-07-22,Sale,-54321,79.005,-80,680,,
Overall,BHARTIARTL,INE397D01024,Bharti Airtel Limited,2022-08-17,Dividend,3.75,0,0,0,,
Overall,CAMLINFINE,INE052I01032,Camlin Fine Sciences Limited,2022-06-09,Purchase,30041.5,59.48,263,114,143.17,2026-06-15
Overall,CAMLINFINE,INE052I01032,Camlin Fine Sciences Limited,2022-11-24,Dividend,864,0,0,0,143.17,2026-06-15
Overall,CAMLINFINE,INE052I01032,Camlin Fine Sciences Limited,2023-01-13,Sale,-45691.3,70.73,-263,174,143.17,2026-06-15
Overall,ETERNAL,INE758T01015,Eternal Limited,2024-01-15,Purchase,49951,83,364,137,255.15,2026-06-25
Overall,ETERNAL,INE758T01015,Eternal Limited,2024-05-31,Purchase,49954,79,285,175,255.15,2026-06-25
Overall,ETERNAL,INE758T01015,Eternal Limited,2025-05-07,Sale,-70092,108,-300,234,255.15,2026-06-25
Overall,EVERESTIND,INE295A01018,Everest Industries Limited,2021-07-19,Purchase,65598.6,53.545,149,439.9,328,2026-06-15
Overall,EVERESTIND,INE295A01018,Everest Industries Limited,2021-07-19,Purchase,4892.44,53.54,11,439.9,328,2026-06-15
Overall,EVERESTIND,INE295A01018,Everest Industries Limited,2021-09-02,Dividend,1200,0,0,0,328,2026-06-15
Overall,EVERESTIND,INE295A01018,Everest Industries Limited,2021-12-28,Sale,-2749.51,12.74,-5,552.45,328,2026-06-15
Overall,EVERESTIND,INE295A01018,Everest Industries Limited,2021-12-28,Sale,-15470,0,-28,552.5,328,2026-06-15
Overall,EVERESTIND,INE295A01018,Everest Industries Limited,2021-12-28,Sale,-15458.7,12.74,-28,552.55,328,2026-06-15
Overall,EVERESTIND,INE295A01018,Everest Industries Limited,2021-12-28,Sale,-6065.86,12.74,-11,552.6,328,2026-06-15
Overall,EVERESTIND,INE295A01018,Everest Industries Limited,2021-12-28,Sale,-32593.6,12.74,-59,552.65,328,2026-06-15
Overall,EVERESTIND,INE295A01018,Everest Industries Limited,2021-12-28,Sale,-5516.26,12.74,-10,552.9,328,2026-06-15
Overall,EVERESTIND,INE295A01018,Everest Industries Limited,2021-12-28,Sale,-3857.91,12.74,-7,552.95,328,2026-06-15
Overall,EVERESTIND,INE295A01018,Everest Industries Limited,2021-12-28,Sale,-4414.86,12.74,-8,553.45,328,2026-06-15
Overall,EVERESTIND,INE295A01018,Everest Industries Limited,2021-12-28,Sale,-2201.26,12.74,-4,553.5,328,2026-06-15
Overall,HCLTECH,INE860A01027,HCL Technologies Limited,2021-11-15,Purchase,30552.8,70.615,26,1172.39,,
Overall,HCLTECH,INE860A01027,HCL Technologies Limited,2021-11-15,Purchase,69247.5,70.615,59,1172.49,,
Overall,HCLTECH,INE860A01027,HCL Technologies Limited,2022-02-04,Dividend,850,0,0,0,,
Overall,HCLTECH,INE860A01027,HCL Technologies Limited,2022-05-11,Dividend,1530,0,0,0,,
Overall,HCLTECH,INE860A01027,HCL Technologies Limited,2022-08-02,Dividend,850,0,0,0,,
Overall,HCLTECH,INE860A01027,HCL Technologies Limited,2022-11-02,Dividend,850,0,0,0,,
Overall,HCLTECH,INE860A01027,HCL Technologies Limited,2023-02-01,Dividend,850,0,0,0,,
Overall,HCLTECH,INE860A01027,HCL Technologies Limited,2023-05-09,Dividend,1530,0,0,0,,
Overall,HCLTECH,INE860A01027,HCL Technologies Limited,2023-08-01,Dividend,850,0,0,0,,
Overall,HCLTECH,INE860A01027,HCL Technologies Limited,2023-10-31,Dividend,1020,0,0,0,,
Overall,HCLTECH,INE860A01027,HCL Technologies Limited,2024-01-04,Sale,-120709,161,-85,1422,,
Overall,HDFCBANK,INE040A01034,HDFC Bank Limited,2024-08-13,Purchase,4842.06,6.06,3,1612,796.3,2026-06-25
Overall,HDFCBANK,INE040A01034,HDFC Bank Limited,2025-08-11,Dividend,15,0,0,0,796.3,2026-06-25
Overall,HDFCBANK,INE040A01034,HDFC Bank Limited,2025-08-11,Dividend,66,0,0,0,796.3,2026-06-25
Overall,HDFCBANK,INE040A01034,HDFC Bank Limited,2025-08-29,Bonus,0,0,3,0,796.3,2026-06-25
Overall,HDFCLIFE,INE795G01014,HDFC Standard Life Insurance Company Limited,2022-01-07,Purchase,93306.7,70.675,143,652,,
Overall,HDFCLIFE,INE795G01014,HDFC Standard Life Insurance Company Limited,2022-01-07,Purchase,6590.18,70.675,10,651.95,,
Overall,HDFCLIFE,INE795G01014,HDFC Standard Life Insurance Company Limited,2022-02-14,Purchase,49796.8,76.81,88,565,,
Overall,HDFCLIFE,INE795G01014,HDFC Standard Life Insurance Company Limited,2022-07-02,Dividend,409.7,0,0,0,,
Overall,HDFCLIFE,INE795G01014,HDFC Standard Life Insurance Company Limited,2023-07-25,Dividend,457.9,0,0,0,,
Overall,HDFCLIFE,INE795G01014,HDFC Standard Life Insurance Company Limited,2024-07-18,Dividend,482,0,0,0,,
Overall,HDFCLIFE,INE795G01014,HDFC Standard Life Insurance Company Limited,2024-08-06,Sale,-172823,215,-241,718,,
Overall,HDFC,INE001A01036,Housing Development Finance Corporation Limited,2013-12-16,Purchase,822.58,22.58,1,800,,
Overall,HDFC,INE001A01036,Housing Development Finance Corporation Limited,2014-07-23,Dividend,14,0,0,0,,
Overall,HDFC,INE001A01036,Housing Development Finance Corporation Limited,2015-03-25,Dividend,2,0,0,0,,
Overall,HDFC,INE001A01036,Housing Development Finance Corporation Limited,2015-07-30,Dividend,13,0,0,0,,
Overall,HDFC,INE001A01036,Housing Development Finance Corporation Limited,2016-04-07,Dividend,3,0,0,0,,
Overall,HDFC,INE001A01036,Housing Development Finance Corporation Limited,2016-07-28,Dividend,14,0,0,0,,
Overall,HDFC,INE001A01036,Housing Development Finance Corporation Limited,2017-03-20,Dividend,3,0,0,0,,
Overall,HDFC,INE001A01036,Housing Development Finance Corporation Limited,2017-07-27,Dividend,15,0,0,0,,
Overall,HDFC,INE001A01036,Housing Development Finance Corporation Limited,2018-03-29,Dividend,3.5,0,0,0,,
Overall,HDFC,INE001A01036,Housing Development Finance Corporation Limited,2018-07-31,Dividend,16.5,0,0,0,,
Overall,HDFC,INE001A01036,Housing Development Finance Corporation Limited,2019-03-25,Dividend,3.5,0,0,0,,
Overall,HDFC,INE001A01036,Housing Development Finance Corporation Limited,2019-08-03,Dividend,17.5,0,0,0,,
Overall,HDFC,INE001A01036,Housing Development Finance Corporation Limited,2020-07-31,Dividend,21,0,0,0,,
Overall,HDFC,INE001A01036,Housing Development Finance Corporation Limited,2021-03-03,Sale,-2616.25,13.15,-1,2629.4,,
Overall,ICICIBANK,INE090A01021,ICICI Bank Limited,2020-06-29,Purchase,5147.51,47.51,15,340,1343.2,2026-06-15
Overall,ICICIBANK,INE090A01021,ICICI Bank Limited,2021-09-01,Dividend,30,0,0,0,1343.2,2026-06-15
Overall,ICICIBANK,INE090A01021,ICICI Bank Limited,2021-10-19,Sale,-11214.8,35.19,-15,750,1343.2,2026-06-15
Overall,ICIL,INE483B01026,Indo Count Industries Limited,2021-05-14,Purchase,610.02,8.218,4,150.45,,
Overall,ICIL,INE483B01026,Indo Count Industries Limited,2021-05-14,Purchase,609.82,8.218,4,150.4,,
Overall,ICIL,INE483B01026,Indo Count Industries Limited,2021-05-14,Purchase,8581.02,8.218,57,150.4,,
Overall,ICIL,INE483B01026,Indo Count Industries Limited,2021-05-14,Purchase,4973.07,8.218,33,150.45,,
Overall,ICIL,INE483B01026,Indo Count Industries Limited,2021-05-14,Purchase,309.02,8.218,2,150.4,,
Overall,ICIL,INE483B01026,Indo Count Industries Limited,2021-07-26,Sale,-19427.9,16.1066,-81,240.05,,
Overall,ICIL,INE483B01026,Indo Count Industries Limited,2021-07-26,Sale,-3823.89,16.1066,-16,240,,
Overall,ICIL,INE483B01026,Indo Count Industries Limited,2021-07-26,Sale,-704.04,16.1066,-3,240.05,,
Overall,INDUSINDBK,INE095A01012,IndusInd Bank Limited,2024-10-29,Purchase,5206.44,6.44,5,1040,918.95,2026-06-25
Overall,INDUSINDBK,INE095A01012,IndusInd Bank Limited,2025-05-22,Purchase,5466.71,6.71,7,780,918.95,2026-06-25
Overall,INFY,INE009A01021,Infosys Limited,2014-03-13,Purchase,34039,289.01,10,3375,1041.2,2026-06-25
Overall,INFY,INE009A01021,Infosys Limited,2014-04-16,Purchase,32202.1,202.1,10,3200,1041.2,2026-06-25
Overall,INFY,INE009A01021,Infosys Limited,2014-06-16,Dividend,860,0,0,0,1041.2,2026-06-25
Overall,INFY,INE009A01021,Infosys Limited,2014-10-20,Dividend,600,0,0,0,1041.2,2026-06-25
Overall,INFY,INE009A01021,Infosys Limited,2014-12-08,Bonus,0,0,20,0,1041.2,2026-06-25
Overall,INFY,INE009A01021,Infosys Limited,2014-12-08,Purchase,10065.9,63.19,5,2000.55,1041.2,2026-06-25
Overall,INFY,INE009A01021,Infosys Limited,2014-12-08,Purchase,10066.4,63.19,5,2000.65,1041.2,2026-06-25
Overall,INFY,INE009A01021,Infosys Limited,2014-12-09,Purchase,19782.7,124.19,10,1965.85,1041.2,2026-06-25
Overall,INFY,INE009A01021,Infosys Limited,2015-06-22,Bonus,0,0,60,0,1041.2,2026-06-25
Overall,INFY,INE009A01021,Infosys Limited,2015-06-23,Dividend,1770,0,0,0,1041.2,2026-06-25
Overall,INFY,INE009A01021,Infosys Limited,2015-10-21,Dividend,1200,0,0,0,1041.2,2026-06-25
Overall,INFY,INE009A01021,Infosys Limited,2016-06-20,Dividend,1710,0,0,0,1041.2,2026-06-25
Overall,INFY,INE009A01021,Infosys Limited,2016-10-26,Dividend,1320,0,0,0,1041.2,2026-06-25
Overall,INFY,INE009A01021,Infosys Limited,2017-06-27,Dividend,1770,0,0,0,1041.2,2026-06-25
Overall,INFY,INE009A01021,Infosys Limited,2017-11-04,Dividend,1560,0,0,0,1041.2,2026-06-25
Overall,INFY,INE009A01021,Infosys Limited,2018-06-26,Dividend,3660,0,0,0,1041.2,2026-06-25
Overall,INFY,INE009A01021,Infosys Limited,2018-09-11,Bonus,0,0,120,0,1041.2,2026-06-25
Overall,INFY,INE009A01021,Infosys Limited,2018-10-30,Dividend,1680,0,0,0,1041.2,2026-06-25
Overall,INFY,INE009A01021,Infosys Limited,2019-01-28,Dividend,960,0,0,0,1041.2,2026-06-25
Overall,INFY,INE009A01021,Infosys Limited,2019-06-25,Dividend,2520,0,0,0,1041.2,2026-06-25
Overall,INFY,INE009A01021,Infosys Limited,2019-10-24,Purchase,25928.8,170.84,40,643.95,1041.2,2026-06-25
Overall,INFY,INE009A01021,Infosys Limited,2019-10-30,Dividend,1920,0,0,0,1041.2,2026-06-25
Overall,INFY,INE009A01021,Infosys Limited,2020-07-03,Dividend,2660,0,0,0,1041.2,2026-06-25
Overall,INFY,INE009A01021,Infosys Limited,2020-11-11,Dividend,2908.5,0,0,0,1041.2,2026-06-25
Overall,INFY,INE009A01021,Infosys Limited,2021-06-25,Dividend,4200,0,0,0,1041.2,2026-06-25
Overall,INFY,INE009A01021,Infosys Limited,2021-11-10,Dividend,3360,0,0,0,1041.2,2026-06-25
Overall,INFY,INE009A01021,Infosys Limited,2022-06-28,Dividend,4480,0,0,0,1041.2,2026-06-25
Overall,INFY,INE009A01021,Infosys Limited,2022-11-10,Dividend,3710,0,0,0,1041.2,2026-06-25
Overall,INFY,INE009A01021,Infosys Limited,2023-07-03,Dividend,4900,0,0,0,1041.2,2026-06-25
Overall,INFY,INE009A01021,Infosys Limited,2023-11-06,Dividend,4046,0,0,0,1041.2,2026-06-25
Overall,INFY,INE009A01021,Infosys Limited,2024-07-01,Dividend,7056,0,0,0,1041.2,2026-06-25
Overall,INFY,INE009A01021,Infosys Limited,2024-09-18,Purchase,5676.93,6.93,3,1890,1041.2,2026-06-25
Overall,INFY,INE009A01021,Infosys Limited,2024-10-18,Purchase,5631.88,6.88,3,1875,1041.2,2026-06-25
Overall,INFY,INE009A01021,Infosys Limited,2024-10-31,Purchase,5272.71,6.51,3,1755.4,1041.2,2026-06-25
Overall,INFY,INE009A01021,Infosys Limited,2024-11-08,Dividend,5292,0,0,0,1041.2,2026-06-25
Overall,INFY,INE009A01021,Infosys Limited,2024-11-08,Dividend,113,0,0,0,1041.2,2026-06-25
Overall,INFY,INE009A01021,Infosys Limited,2025-06-30,Dividend,6160,0,0,0,1041.2,2026-06-25
Overall,INFY,INE009A01021,Infosys Limited,2025-06-30,Dividend,198,0,0,0,1041.2,2026-06-25
Overall,INFY,INE009A01021,Infosys Limited,2025-11-07,Dividend,166.5,0,0,0,1041.2,2026-06-25
Overall,INFY,INE009A01021,Infosys Limited,2025-11-07,Dividend,5180,0,0,0,1041.2,2026-06-25
Overall,INFY,INE009A01021,Infosys Limited,2026-03-10,Purchase,10332.7,12.71,8,1290,1041.2,2026-06-25
Overall,INFY,INE009A01021,Infosys Limited,2026-06-25,Dividend,7000,0,0,0,1041.2,2026-06-25
Overall,INFY,INE009A01021,Infosys Limited,2026-06-25,Dividend,425,0,0,0,1041.2,2026-06-25
Overall,ITCHOTELS,INE379A01028,ITC Hotels Limited,2024-10-09,Bonus,0,0,1,0,173.68,2026-06-25
Overall,ITC,INE154A01025,ITC Limited,2018-12-24,Purchase,1150.81,33.01,4,279.45,290,2026-06-25
Overall,ITC,INE154A01025,ITC Limited,2019-07-16,Dividend,23,0,0,0,290,2026-06-25
Overall,ITC,INE154A01025,ITC Limited,2020-03-09,Purchase,1824.35,41.35,10,178.3,290,2026-06-25
Overall,ITC,INE154A01025,ITC Limited,2020-09-08,Dividend,142,0,0,0,290,2026-06-25
Overall,ITC,INE154A01025,ITC Limited,2021-03-10,Dividend,70,0,0,0,290,2026-06-25
Overall,ITC,INE154A01025,ITC Limited,2021-06-09,Sale,-2982.19,20.81,-14,214.5,290,2026-06-25
Overall,ITC,INE154A01025,ITC Limited,2024-10-09,Purchase,4916.13,6.13,10,491,290,2026-06-25
Overall,ITC,INE154A01025,ITC Limited,2025-03-07,Dividend,65,0,0,0,290,2026-06-25
Overall,ITC,INE154A01025,ITC Limited,2026-02-27,Dividend,65,0,0,0,290,2026-06-25
Overall,JSWSTEEL,INE019A01038,JSW Steel Limited,2024-08-02,Purchase,4559.39,29.39,5,906,1231,2026-06-25
Overall,JSWSTEEL,INE019A01038,JSW Steel Limited,2024-08-05,Purchase,6142.27,31.27,7,873,1231,2026-06-25
Overall,JSWSTEEL,INE019A01038,JSW Steel Limited,2024-10-08,Purchase,4951.17,6.17,5,989,1231,2026-06-25
Overall,JSWSTEEL,INE019A01038,JSW Steel Limited,2025-07-29,Dividend,14,0,0,0,1231,2026-06-25
Overall,JSWSTEEL,INE019A01038,JSW Steel Limited,2025-07-29,Dividend,33.6,0,0,0,1231,2026-06-25
Overall,KPEL,INE127T01013,K.P. Energy Limited,2025-07-08,Purchase,14226.8,16.83,29,490,349.25,2026-06-25
Overall,KPEL,INE127T01013,K.P. Energy Limited,2025-09-01,Dividend,5.8,0,0,0,349.25,2026-06-25
Overall,KPEL,INE127T01013,K.P. Energy Limited,2025-10-15,Dividend,2.9,0,0,0,349.25,2026-06-25
Overall,KPEL,INE127T01013,K.P. Energy Limited,2025-12-03,Dividend,7.25,0,0,0,349.25,2026-06-25
Overall,KPEL,INE127T01013,K.P. Energy Limited,2026-02-16,Dividend,5.6,0,0,0,349.25,2026-06-25
Overall,KOTAKBANK,INE237A01028,Kotak Mahindra Bank Limited,2021-08-31,Purchase,48979.8,63.79,28,1747,405.95,2026-06-24
Overall,KOTAKBANK,INE237A01028,Kotak Mahindra Bank Limited,2021-09-23,Sale,-57289.3,82.69,-28,2049,405.95,2026-06-24
Overall,KOTAKBANK,INE237A01028,Kotak Mahindra Bank Limited,2024-05-07,Purchase,152480,200,94,1620,405.95,2026-06-24
Overall,KOTAKBANK,INE237A01028,Kotak Mahindra Bank Limited,2024-07-22,Purchase,5355.33,30.33,3,1775,405.95,2026-06-24
Overall,KOTAKBANK,INE237A01028,Kotak Mahindra Bank Limited,2025-08-04,Dividend,235,0,0,0,405.95,2026-06-24
Overall,KOTAKBANK,INE237A01028,Kotak Mahindra Bank Limited,2025-08-04,Dividend,7.5,0,0,0,405.95,2026-06-24
Overall,KOTAKBANK,INE237A01028,Kotak Mahindra Bank Limited,2025-09-01,Sale,-190856,234,-97,1970,405.95,2026-06-24
Overall,KPITTECH,INE04I401011,KPIT Technologies Limited,2021-08-03,Purchase,22155.7,51.67,72,307,,
Overall,KPITTECH,INE04I401011,KPIT Technologies Limited,2021-08-03,Purchase,358.67,51.67,1,307,,
Overall,KPITTECH,INE04I401011,KPIT Technologies Limited,2021-08-03,Purchase,49785.7,51.67,162,307,,
Overall,KPITTECH,INE04I401011,KPIT Technologies Limited,2021-08-03,Purchase,7726.67,51.67,25,307,,
Overall,KPITTECH,INE04I401011,KPIT Technologies Limited,2021-09-09,Dividend,390,0,0,0,,
Overall,KPITTECH,INE04I401011,KPIT Technologies Limited,2021-11-17,Sale,-119453,146.79,-260,460,,
Overall,LT,INE018A01030,Larsen & Toubro Limited,2020-02-28,Purchase,23691.4,156.36,20,1176.75,4216.4,2026-06-25
Overall,LT,INE018A01030,Larsen & Toubro Limited,2020-03-09,Purchase,5543.44,43.44,5,1100,4216.4,2026-06-25
Overall,LT,INE018A01030,Larsen & Toubro Limited,2020-03-30,Dividend,250,0,0,0,4216.4,2026-06-25
Overall,LT,INE018A01030,Larsen & Toubro Limited,2020-08-17,Dividend,200,0,0,0,4216.4,2026-06-25
Overall,LT,INE018A01030,Larsen & Toubro Limited,2020-11-10,Dividend,450,0,0,0,4216.4,2026-06-25
Overall,LT,INE018A01030,Larsen & Toubro Limited,2021-08-12,Dividend,450,0,0,0,4216.4,2026-06-25
Overall,LT,INE018A01030,Larsen & Toubro Limited,2021-09-16,Sale,-42882.2,67.84,-25,1718,4216.4,2026-06-25
Overall,LT,INE018A01030,Larsen & Toubro Limited,2024-07-25,Purchase,7002.3,32.3,2,3485,4216.4,2026-06-25
Overall,LT,INE018A01030,Larsen & Toubro Limited,2025-06-21,Dividend,68,0,0,0,4216.4,2026-06-25
Overall,LT,INE018A01030,Larsen & Toubro Limited,2026-06-10,Dividend,76,0,0,0,4216.4,2026-06-25
Overall,LAURUSLABS,INE947Q01010,Laurus Labs Limited,2021-11-22,Purchase,99778.2,138.23,212,470,1452.5,2026-06-25
Overall,LAURUSLABS,INE947Q01010,Laurus Labs Limited,2022-05-18,Dividend,254.4,0,0,0,1452.5,2026-06-25
Overall,LAURUSLABS,INE947Q01010,Laurus Labs Limited,2022-11-15,Dividend,169.6,0,0,0,1452.5,2026-06-25
Overall,LAURUSLABS,INE947Q01010,Laurus Labs Limited,2023-05-18,Dividend,254.4,0,0,0,1452.5,2026-06-25
Overall,LAURUSLABS,INE947Q01010,Laurus Labs Limited,2023-11-10,Dividend,84.8,0,0,0,1452.5,2026-06-25
Overall,LAURUSLABS,INE947Q01010,Laurus Labs Limited,2024-05-17,Dividend,84.8,0,0,0,1452.5,2026-06-25
Overall,LAURUSLABS,INE947Q01010,Laurus Labs Limited,2024-11-14,Dividend,84.8,0,0,0,1452.5,2026-06-25
Overall,LAURUSLABS,INE947Q01010,Laurus Labs Limited,2024-12-31,Sale,-125550,166,-212,593,1452.5,2026-06-25
Overall,M&M,INE101A01026,Mahindra & Mahindra Limited,2020-03-09,Purchase,2298.11,41.36,5,451.35,3182.2,2026-06-25
Overall,M&M,INE101A01026,Mahindra & Mahindra Limited,2020-08-10,Dividend,11.75,0,0,0,3182.2,2026-06-25
Overall,M&M,INE101A01026,Mahindra & Mahindra Limited,2021-08-09,Dividend,43.75,0,0,0,3182.2,2026-06-25
Overall,M&M,INE101A01026,Mahindra & Mahindra Limited,2021-09-24,Sale,-3872.97,27.03,-5,780,3182.2,2026-06-25
Overall,M&M,INE101A01026,Mahindra & Mahindra Limited,2024-08-01,Purchase,5674.71,30.71,2,2822,3182.2,2026-06-25
Overall,M&M,INE101A01026,Mahindra & Mahindra Limited,2024-10-04,Purchase,6075.34,7.34,2,3034,3182.2,2026-06-25
Overall,M&M,INE101A01026,Mahindra & Mahindra Limited,2024-10-17,Purchase,5937.2,7.2,2,2965,3182.2,2026-06-25
Overall,M&M,INE101A01026,Mahindra & Mahindra Limited,2025-08-05,Dividend,50.6,0,0,0,3182.2,2026-06-25
Overall,M&M,INE101A01026,Mahindra & Mahindra Limited,2025-08-05,Dividend,101.2,0,0,0,3182.2,2026-06-25
Overall,NESTLEIND,INE239A01016,Nestle India Limited,2024-07-25,Purchase,4969.89,29.89,2,2470,1402.6,2026-06-25
Overall,NESTLEIND,INE239A01016,Nestle India Limited,2024-10-17,Purchase,4765.98,5.98,2,2380,1402.6,2026-06-25
Overall,NESTLEIND,INE239A01016,Nestle India Limited,2025-02-27,Dividend,28.5,0,0,0,1402.6,2026-06-25
Overall,NESTLEIND,INE239A01016,Nestle India Limited,2025-02-27,Dividend,28.5,0,0,0,1402.6,2026-06-25
Overall,NESTLEIND,INE239A01016,Nestle India Limited,2025-07-24,Dividend,20,0,0,0,1402.6,2026-06-25
Overall,NESTLEIND,INE239A01016,Nestle India Limited,2025-07-24,Dividend,20,0,0,0,1402.6,2026-06-25
Overall,NESTLEIND,INE239A01016,Nestle India Limited,2025-08-08,Bonus,0,0,4,0,1402.6,2026-06-25
Overall,NESTLEIND,INE239A01016,Nestle India Limited,2026-02-26,Dividend,28,0,0,0,1402.6,2026-06-25
Overall,NESTLEIND,INE239A01016,Nestle India Limited,2026-02-26,Dividend,28,0,0,0,1402.6,2026-06-25
Overall,PHARMABEES,INF204KC1089,Nippon India Nifty Pharma ETF,2025-07-10,Purchase,10213,2.38,453,22.54,25.63,2026-06-25
Overall,NMDC,INE584A01023,NMDC Limited,2021-07-13,Purchase,81288.3,60.665,488,166.45,84.94,2026-06-25
Overall,NMDC,INE584A01023,NMDC Limited,2021-07-13,Purchase,2058.07,60.665,12,166.45,84.94,2026-06-25
Overall,NMDC,INE584A01023,NMDC Limited,2021-09-08,Purchase,22538.6,27.76,148,152.1,84.94,2026-06-25
Overall,NMDC,INE584A01023,NMDC Limited,2021-09-08,Purchase,25876.3,27.76,170,152.05,84.94,2026-06-25
Overall,NMDC,INE584A01023,NMDC Limited,2021-09-08,Purchase,1852.96,27.76,12,152.1,84.94,2026-06-25
Overall,NMDC,INE584A01023,NMDC Limited,2022-01-01,Dividend,6731,0,0,0,84.94,2026-06-25
Overall,NMDC,INE584A01023,NMDC Limited,2022-03-08,Dividend,4281,0,0,0,84.94,2026-06-25
Overall,NMDC,INE584A01023,NMDC Limited,2023-03-14,Dividend,3133,0,0,0,84.94,2026-06-25
Overall,NMDC,INE584A01023,NMDC Limited,2023-10-05,Dividend,2366,0,0,0,84.94,2026-06-25
Overall,NMDC,INE584A01023,NMDC Limited,2024-03-12,Dividend,4059,0,0,0,84.94,2026-06-25
Overall,NMDC,INE584A01023,NMDC Limited,2024-05-06,Sale,-223832,268,-830,270,84.94,2026-06-25
Overall,NMDC,INE584A01023,NMDC Limited,2025-06-17,Purchase,1962.05,2.05,28,70,84.94,2026-06-25
Overall,NMDC,INE584A01023,NMDC Limited,2025-09-25,Dividend,28,0,0,0,84.94,2026-06-25
Overall,NMDC,INE584A01023,NMDC Limited,2026-03-02,Dividend,70,0,0,0,84.94,2026-06-25
Overall,NSLNISP,INE0NNS01018,NMDC Steel Limited,2023-02-20,Bonus,0,0,830,0,43.68,2026-06-25
Overall,NSLNISP,INE0NNS01018,NMDC Steel Limited,2023-04-03,Purchase,4987,29.8,162,30.6,43.68,2026-06-25
Overall,PETRONET,INE347G01014,Petronet LNG Limited,2021-02-24,Purchase,30737.8,40.12,121,253.7,,
Overall,PETRONET,INE347G01014,Petronet LNG Limited,2021-02-24,Purchase,17542,40.12,69,253.65,,
Overall,PETRONET,INE347G01014,Petronet LNG Limited,2021-10-22,Dividend,665,0,0,0,,
Overall,PETRONET,INE347G01014,Petronet LNG Limited,2021-12-06,Dividend,1330,0,0,0,,
Overall,PETRONET,INE347G01014,Petronet LNG Limited,2022-10-17,Dividend,855,0,0,0,,
Overall,PETRONET,INE347G01014,Petronet LNG Limited,2022-11-23,Sale,-39455.7,64.31,-190,208,,
Overall,PETRONET,INE347G01014,Petronet LNG Limited,2022-12-05,Dividend,1330,0,0,0,,
Overall,PNCINFRA,INE195J01029,PNC Infratech Limited,2021-08-26,Purchase,29377.8,35.3525,97,302.5,232.3,2026-06-25
Overall,PNCINFRA,INE195J01029,PNC Infratech Limited,2021-08-26,Purchase,8804.95,35.35,29,302.4,232.3,2026-06-25
Overall,PNCINFRA,INE195J01029,PNC Infratech Limited,2021-08-26,Purchase,43292.8,35.3525,143,302.5,232.3,2026-06-25
Overall,PNCINFRA,INE195J01029,PNC Infratech Limited,2021-08-26,Purchase,18487.8,35.3525,61,302.5,232.3,2026-06-25
Overall,PNCINFRA,INE195J01029,PNC Infratech Limited,2021-09-07,Sale,-125247,152.76,-330,380,232.3,2026-06-25
Overall,PNCINFRA,INE195J01029,PNC Infratech Limited,2021-10-01,Purchase,100038,138.5,270,370,232.3,2026-06-25
Overall,PNCINFRA,INE195J01029,PNC Infratech Limited,2022-10-12,Dividend,135,0,0,0,232.3,2026-06-25
Overall,PNCINFRA,INE195J01029,PNC Infratech Limited,2023-10-12,Dividend,135,0,0,0,232.3,2026-06-25
Overall,PNCINFRA,INE195J01029,PNC Infratech Limited,2024-10-08,Dividend,162,0,0,0,232.3,2026-06-25
Overall,PNCINFRA,INE195J01029,PNC Infratech Limited,2025-10-09,Dividend,162,0,0,0,232.3,2026-06-25
Overall,POLYCAB,INE455K01017,Polycab India Limited,2021-09-20,Purchase,52523.6,23.6,21,2500,,
Overall,POLYCAB,INE455K01017,Polycab India Limited,2021-09-20,Purchase,5023.6,23.6,2,2500,,
Overall,POLYCAB,INE455K01017,Polycab India Limited,2021-09-20,Purchase,5023.6,23.6,2,2500,,
Overall,POLYCAB,INE455K01017,Polycab India Limited,2021-09-20,Purchase,12523.6,23.6,5,2500,,
Overall,POLYCAB,INE455K01017,Polycab India Limited,2021-09-20,Purchase,2523.6,23.6,1,2500,,
Overall,POLYCAB,INE455K01017,Polycab India Limited,2021-09-20,Purchase,22523.6,23.6,9,2500,,
Overall,POLYCAB,INE455K01017,Polycab India Limited,2021-09-21,Purchase,50063.8,83.8,21,2380,,
Overall,POLYCAB,INE455K01017,Polycab India Limited,2022-01-14,Sale,-164507,193.24,-61,2700,,
Overall,PFC,INE134E01011,Power Finance Corporation Limited,2024-03-14,Purchase,24668,54,62,397,,
Overall,PFC,INE134E01011,Power Finance Corporation Limited,2024-03-20,Purchase,25257,52,71,355,,
Overall,PFC,INE134E01011,Power Finance Corporation Limited,2024-03-30,Dividend,399,0,0,0,,
Overall,PFC,INE134E01011,Power Finance Corporation Limited,2024-09-05,Dividend,432.25,0,0,0,,
Overall,PFC,INE134E01011,Power Finance Corporation Limited,2024-09-13,Dividend,332.5,0,0,0,,
Overall,PFC,INE134E01011,Power Finance Corporation Limited,2024-12-04,Sale,-67193,105,-133,506,,
Overall,PFC,INE134E01011,Power Finance Corporation Limited,2024-12-06,Dividend,465.5,0,0,0,,
Overall,POWERGRID,INE752E01010,Power Grid Corporation of India Limited,2024-07-23,Purchase,4979.89,29.89,15,330,283.9,2026-06-25
Overall,POWERGRID,INE752E01010,Power Grid Corporation of India Limited,2024-09-11,Dividend,41.25,0,0,0,283.9,2026-06-25
Overall,POWERGRID,INE752E01010,Power Grid Corporation of India Limited,2024-09-27,Purchase,4962.18,6.18,14,354,283.9,2026-06-25
Overall,POWERGRID,INE752E01010,Power Grid Corporation of India Limited,2025-02-28,Dividend,48.75,0,0,0,283.9,2026-06-25
Overall,POWERGRID,INE752E01010,Power Grid Corporation of India Limited,2025-02-28,Dividend,45.5,0,0,0,283.9,2026-06-25
Overall,POWERGRID,INE752E01010,Power Grid Corporation of India Limited,2025-09-12,Dividend,18.75,0,0,0,283.9,2026-06-25
Overall,POWERGRID,INE752E01010,Power Grid Corporation of India Limited,2025-09-12,Dividend,17.5,0,0,0,283.9,2026-06-25
Overall,POWERGRID,INE752E01010,Power Grid Corporation of India Limited,2025-12-01,Dividend,67.5,0,0,0,283.9,2026-06-25
Overall,POWERGRID,INE752E01010,Power Grid Corporation of India Limited,2025-12-01,Dividend,63,0,0,0,283.9,2026-06-25
Overall,POWERGRID,INE752E01010,Power Grid Corporation of India Limited,2026-02-27,Dividend,48.75,0,0,0,283.9,2026-06-25
Overall,POWERGRID,INE752E01010,Power Grid Corporation of India Limited,2026-02-27,Dividend,45.5,0,0,0,283.9,2026-06-25
Overall,RELIANCE,INE002A01018,Reliance Industries Limited,2020-03-09,Purchase,5565.44,41.44,5,1104.8,1318.1,2026-06-25
Overall,RELIANCE,INE002A01018,Reliance Industries Limited,2020-07-16,Dividend,32.5,0,0,0,1318.1,2026-06-25
Overall,RELIANCE,INE002A01018,Reliance Industries Limited,2021-06-25,Dividend,35,0,0,0,1318.1,2026-06-25
Overall,RELIANCE,INE002A01018,Reliance Industries Limited,2022-07-22,Sale,-12512.8,37.155,-5,2510,1318.1,2026-06-25
Overall,RELIANCE,INE002A01018,Reliance Industries Limited,2024-07-22,Purchase,6082.9,31.9,2,3025.5,1318.1,2026-06-25
Overall,RELIANCE,INE002A01018,Reliance Industries Limited,2024-08-29,Dividend,20,0,0,0,1318.1,2026-06-25
Overall,RELIANCE,INE002A01018,Reliance Industries Limited,2024-10-01,Purchase,5863.12,7.12,2,2928,1318.1,2026-06-25
Overall,RELIANCE,INE002A01018,Reliance Industries Limited,2024-10-26,Bonus,0,0,2,0,1318.1,2026-06-25
Overall,RELIANCE,INE002A01018,Reliance Industries Limited,2024-10-26,Bonus,0,0,2,0,1318.1,2026-06-25
Overall,RELIANCE,INE002A01018,Reliance Industries Limited,2025-08-29,Dividend,22,0,0,0,1318.1,2026-06-25
Overall,RELIANCE,INE002A01018,Reliance Industries Limited,2025-08-29,Dividend,22,0,0,0,1318.1,2026-06-25
Overall,RELIANCE,INE002A01018,Reliance Industries Limited,2026-06-19,Dividend,24,0,0,0,1318.1,2026-06-25
Overall,RELIANCE,INE002A01018,Reliance Industries Limited,2026-06-19,Dividend,24,0,0,0,1318.1,2026-06-25
Overall,SBILIFE,INE123W01016,SBI Life Insurance Company Limited,2021-02-23,Purchase,40132.4,27.26,46,871.85,1752,2026-06-25
Overall,SBILIFE,INE123W01016,SBI Life Insurance Company Limited,2021-02-23,Purchase,4386.01,27.26,5,871.75,1752,2026-06-25
Overall,SBILIFE,INE123W01016,SBI Life Insurance Company Limited,2021-02-23,Purchase,5312.88,81.78,6,871.85,1752,2026-06-25
Overall,SBILIFE,INE123W01016,SBI Life Insurance Company Limited,2021-04-19,Dividend,142.5,0,0,0,1752,2026-06-25
Overall,SBILIFE,INE123W01016,SBI Life Insurance Company Limited,2022-04-16,Dividend,114,0,0,0,1752,2026-06-25
Overall,SBILIFE,INE123W01016,SBI Life Insurance Company Limited,2023-03-28,Dividend,142.5,0,0,0,1752,2026-06-25
Overall,SBILIFE,INE123W01016,SBI Life Insurance Company Limited,2023-11-17,Sale,-81196.6,119.6,-57,1426.6,1752,2026-06-25
Overall,SOLARINDS,INE343H01029,Solar Industries India Limited,2017-02-23,Purchase,767.09,22.44,1,744.65,,
Overall,SOLARINDS,INE343H01029,Solar Industries India Limited,2017-02-27,Purchase,727.6,5.6,1,722,,
Overall,SOLARINDS,INE343H01029,Solar Industries India Limited,2017-02-27,Purchase,5114.33,32.33,7,726,,
Overall,SOLARINDS,INE343H01029,Solar Industries India Limited,2017-02-27,Purchase,1453.08,9.18,2,721.95,,
Overall,SOLARINDS,INE343H01029,Solar Industries India Limited,2017-09-07,Dividend,33,0,0,0,,
Overall,SOLARINDS,INE343H01029,Solar Industries India Limited,2018-01-29,Purchase,38882.2,256.17,35,1103.6,,
Overall,SOLARINDS,INE343H01029,Solar Industries India Limited,2018-08-24,Dividend,276,0,0,0,,
Overall,SOLARINDS,INE343H01029,Solar Industries India Limited,2019-08-23,Dividend,322,0,0,0,,
Overall,SOLARINDS,INE343H01029,Solar Industries India Limited,2020-09-24,Dividend,276,0,0,0,,
Overall,SOLARINDS,INE343H01029,Solar Industries India Limited,2021-07-27,Sale,-75072,0,-46,1632,,
Overall,SBIN,INE062A01020,State Bank of India,2020-05-15,Purchase,5022.43,42.43,30,166,1044.75,2026-06-25
Overall,SBIN,INE062A01020,State Bank of India,2021-06-18,Dividend,120,0,0,0,1044.75,2026-06-25
Overall,SBIN,INE062A01020,State Bank of India,2021-09-17,Sale,-14018.4,38.08,-30,468.55,1044.75,2026-06-25
Overall,SBIN,INE062A01020,State Bank of India,2024-07-23,Purchase,5190.14,30.14,6,860,1044.75,2026-06-25
Overall,SBIN,INE062A01020,State Bank of India,2024-08-05,Purchase,5700.74,30.74,7,810,1044.75,2026-06-25
Overall,SBIN,INE062A01020,State Bank of India,2024-09-06,Purchase,4775.99,5.99,6,795,1044.75,2026-06-25
Overall,SBIN,INE062A01020,State Bank of India,2025-05-30,Dividend,95.4,0,0,0,1044.75,2026-06-25
Overall,SBIN,INE062A01020,State Bank of India,2025-05-30,Dividend,206.7,0,0,0,1044.75,2026-06-25
Overall,SBIN,INE062A01020,State Bank of India,2026-06-04,Dividend,104.1,0,0,0,1044.75,2026-06-25
Overall,SBIN,INE062A01020,State Bank of India,2026-06-04,Dividend,225.55,0,0,0,1044.75,2026-06-25
Overall,SBIN,INE062A01020,State Bank of India,2026-06-15,Sale,-6161.6,6.4,-6,1028,1044.75,2026-06-25
Overall,SBIN,INE062A01020,State Bank of India,2026-06-15,Sale,-13335,29,-13,1028,1044.75,2026-06-25
Overall,SUZLON,INE040H01021,Suzlon Energy Limited,2025-09-03,Purchase,30021.1,35.11,517,58,57.14,2026-06-25
Overall,TCS,INE467B01029,Tata Consultancy Services Limited,2018-12-20,Purchase,1996.17,42.37,1,1953.8,2094.7,2026-06-25
Overall,TCS,INE467B01029,Tata Consultancy Services Limited,2019-01-24,Dividend,4,0,0,0,2094.7,2026-06-25
Overall,TCS,INE467B01029,Tata Consultancy Services Limited,2019-06-17,Dividend,18,0,0,0,2094.7,2026-06-25
Overall,TCS,INE467B01029,Tata Consultancy Services Limited,2019-07-23,Dividend,5,0,0,0,2094.7,2026-06-25
Overall,TCS,INE467B01029,Tata Consultancy Services Limited,2019-10-24,Dividend,40,0,0,0,2094.7,2026-06-25
Overall,TCS,INE467B01029,Tata Consultancy Services Limited,2019-10-24,Dividend,5,0,0,0,2094.7,2026-06-25
Overall,TCS,INE467B01029,Tata Consultancy Services Limited,2020-01-31,Dividend,5,0,0,0,2094.7,2026-06-25
Overall,TCS,INE467B01029,Tata Consultancy Services Limited,2020-03-24,Dividend,12,0,0,0,2094.7,2026-06-25
Overall,TCS,INE467B01029,Tata Consultancy Services Limited,2020-06-15,Dividend,6,0,0,0,2094.7,2026-06-25
Overall,TCS,INE467B01029,Tata Consultancy Services Limited,2020-07-31,Dividend,5,0,0,0,2094.7,2026-06-25
Overall,TCS,INE467B01029,Tata Consultancy Services Limited,2020-11-03,Dividend,12,0,0,0,2094.7,2026-06-25
Overall,TCS,INE467B01029,Tata Consultancy Services Limited,2021-02-03,Dividend,6,0,0,0,2094.7,2026-06-25
Overall,TCS,INE467B01029,Tata Consultancy Services Limited,2021-06-14,Dividend,15,0,0,0,2094.7,2026-06-25
Overall,TCS,INE467B01029,Tata Consultancy Services Limited,2021-08-05,Dividend,7,0,0,0,2094.7,2026-06-25
Overall,TCS,INE467B01029,Tata Consultancy Services Limited,2021-08-31,Sale,-3736.21,63.79,-1,3800,2094.7,2026-06-25
Overall,TCS,INE467B01029,Tata Consultancy Services Limited,2024-09-18,Purchase,4377.57,5.57,1,4372,2094.7,2026-06-25
Overall,TCS,INE467B01029,Tata Consultancy Services Limited,2024-10-31,Purchase,3965.14,5.14,1,3960,2094.7,2026-06-25
Overall,TCS,INE467B01029,Tata Consultancy Services Limited,2024-11-05,Dividend,10,0,0,0,2094.7,2026-06-25
Overall,TCS,INE467B01029,Tata Consultancy Services Limited,2025-02-03,Dividend,152,0,0,0,2094.7,2026-06-25
Overall,TCS,INE467B01029,Tata Consultancy Services Limited,2025-06-24,Dividend,60,0,0,0,2094.7,2026-06-25
Overall,TCS,INE467B01029,Tata Consultancy Services Limited,2025-08-04,Dividend,22,0,0,0,2094.7,2026-06-25
Overall,TCS,INE467B01029,Tata Consultancy Services Limited,2025-11-04,Dividend,22,0,0,0,2094.7,2026-06-25
Overall,TCS,INE467B01029,Tata Consultancy Services Limited,2026-02-03,Dividend,114,0,0,0,2094.7,2026-06-25
Overall,TCS,INE467B01029,Tata Consultancy Services Limited,2026-06-12,Dividend,62,0,0,0,2094.7,2026-06-25
Overall,TMCV,INE1TAE01010,Tata Motors Limited,2025-10-16,Bonus,0,0,13,0,431.9,2026-06-25
Overall,TMPV,INE155A01022,Tata Motors Passenger Vehicles Limited,2024-08-02,Purchase,4465.89,29.29,4,1109.15,353.2,2026-06-25
Overall,TMPV,INE155A01022,Tata Motors Passenger Vehicles Limited,2024-08-05,Purchase,4241.01,29.01,4,1053,353.2,2026-06-25
Overall,TMPV,INE155A01022,Tata Motors Passenger Vehicles Limited,2024-09-11,Purchase,4891.11,6.11,5,977,353.2,2026-06-25
Overall,TMPV,INE155A01022,Tata Motors Passenger Vehicles Limited,2024-11-14,Dividend,720,0,0,0,353.2,2026-06-25
Overall,TMPV,INE155A01022,Tata Motors Passenger Vehicles Limited,2024-11-14,Dividend,45,0,0,0,353.2,2026-06-25
Overall,TMPV,INE155A01022,Tata Motors Passenger Vehicles Limited,2025-06-23,Dividend,48,0,0,0,353.2,2026-06-25
Overall,TMPV,INE155A01022,Tata Motors Passenger Vehicles Limited,2025-06-23,Dividend,30,0,0,0,353.2,2026-06-25
Overall,TMPV,INE155A01022,Tata Motors Passenger Vehicles Limited,2025-11-06,Dividend,45,0,0,0,353.2,2026-06-25
Overall,TATASTEEL,INE081A01020,Tata Steel Limited,2020-03-09,Purchase,1658.6,41.35,5,323.45,188.71,2026-06-25
Overall,TATASTEEL,INE081A01020,Tata Steel Limited,2020-08-24,Dividend,50,0,0,0,188.71,2026-06-25
Overall,TATASTEEL,INE081A01020,Tata Steel Limited,2021-07-02,Dividend,125,0,0,0,188.71,2026-06-25
Overall,TATASTEEL,INE081A01020,Tata Steel Limited,2021-07-27,Sale,-6588.55,27.2,-5,1323.15,188.71,2026-06-25
Overall,TATASTEEL,INE081A01020,Tata Steel Limited,2024-08-02,Purchase,4927.83,29.83,31,158,188.71,2026-06-25
Overall,TATASTEEL,INE081A01020,Tata Steel Limited,2024-10-08,Purchase,5030.25,6.25,32,157,188.71,2026-06-25
Overall,TATASTEEL,INE081A01020,Tata Steel Limited,2025-07-04,Dividend,115.2,0,0,0,188.71,2026-06-25
Overall,TATASTEEL,INE081A01020,Tata Steel Limited,2025-07-04,Dividend,115.2,0,0,0,188.71,2026-06-25
Overall,TATASTEEL,INE081A01020,Tata Steel Limited,2026-06-15,Sale,-6393.31,6.69,-32,200,188.71,2026-06-25
Overall,TATASTEEL,INE081A01020,Tata Steel Limited,2026-06-15,Sale,-6157,43,-31,200,188.71,2026-06-25
Overall,TECHM,INE669C01036,Tech Mahindra Limited,2021-08-03,Purchase,99025.6,51.67,81,1221.9,1437.1,2026-06-25
Overall,TECHM,INE669C01036,Tech Mahindra Limited,2021-08-10,Sale,-105168,132.06,-81,1300,1437.1,2026-06-25
Overall,TECHM,INE669C01036,Tech Mahindra Limited,2022-05-26,Purchase,50962,82.01,48,1060,1437.1,2026-06-25
Overall,TECHM,INE669C01036,Tech Mahindra Limited,2022-08-08,Dividend,1440,0,0,0,1437.1,2026-06-25
Overall,TECHM,INE669C01036,Tech Mahindra Limited,2023-08-11,Dividend,1536,0,0,0,1437.1,2026-06-25
Overall,TECHM,INE669C01036,Tech Mahindra Limited,2023-11-21,Dividend,576,0,0,0,1437.1,2026-06-25
Overall,TECHM,INE669C01036,Tech Mahindra Limited,2024-09-18,Purchase,4806.02,6.02,3,1600,1437.1,2026-06-25
Overall,TECHM,INE669C01036,Tech Mahindra Limited,2024-11-29,Sale,-82439,121,-48,1720,1437.1,2026-06-25
Overall,TITAN,INE280A01028,Titan Company Limited,2024-10-08,Purchase,3487.64,4.64,1,3483,4301.5,2026-06-25
Overall,TITAN,INE280A01028,Titan Company Limited,2025-07-25,Dividend,11,0,0,0,4301.5,2026-06-25
Overall,TITAN,INE280A01028,Titan Company Limited,2026-06-15,Sale,-4238.56,4.44,-1,4243,4301.5,2026-06-25
Overall,UNICHEMLAB,INE351A01035,Unichem Laboratories Limited,2018-12-24,Purchase,201.2,6.75,1,194.45,,
Overall,UNICHEMLAB,INE351A01035,Unichem Laboratories Limited,2019-08-01,Dividend,4,0,0,0,,
Overall,UNICHEMLAB,INE351A01035,Unichem Laboratories Limited,2020-09-04,Dividend,4,0,0,0,,
Overall,UNICHEMLAB,INE351A01035,Unichem Laboratories Limited,2021-03-03,Sale,-332.33,1.67,-1,334,,
Overall,IDEA,INE669E01016,Vodafone Idea Limited,2020-09-10,Purchase,2059.38,43.38,180,11.2,,
Overall,IDEA,INE669E01016,Vodafone Idea Limited,2021-12-02,Sale,-2359.53,16.47,-180,13.2,,
Overall,WAAREERTL,INE299N01021,Waaree Renewable Technologies Limited,2025-12-10,Purchase,49458.2,58.25,52,950,1020.65,2026-06-25
Overall,WAAREERTL,INE299N01021,Waaree Renewable Technologies Limited,2025-12-10,Purchase,19448.2,23.15,21,925,1020.65,2026-06-25
Overall,WAAREERTL,INE299N01021,Waaree Renewable Technologies Limited,2026-01-09,Purchase,19823.5,23.54,22,900,1020.65,2026-06-25
Overall,WAAREERTL,INE299N01021,Waaree Renewable Technologies Limited,2026-03-04,Purchase,9707.06,11.06,12,808,1020.65,2026-06-25
Prachi,ADANIENT,INE423A01024,Adani Enterprises Limited,2024-10-25,Purchase,2660,0,1,2660,3038,2026-06-25
Prachi,ADANIPORTS,INE742F01042,Adani Ports and Special Economic Zone Limited,2024-05-11,Purchase,3900,0,3,1300,1796,2026-06-25
Prachi,ADANIPORTS,INE742F01042,Adani Ports and Special Economic Zone Limited,2024-08-05,Purchase,4530,0,3,1510,1796,2026-06-25
Prachi,ADANIPOWER,INE814H01011,Adani Power Limited,2024-08-12,Purchase,5280,0,8,660,229.27,2026-06-25
Prachi,ADANIPOWER,INE814H01011,Adani Power Limited,2025-09-22,Bonus,0,0,32,0,229.27,2026-06-25
Prachi,BAJFINANCE,INE296A01024,Bajaj Finance Limited,2024-09-16,Purchase,3680,0,1,3680,980.4,2026-06-25
Prachi,BAJFINANCE,INE296A01024,Bajaj Finance Limited,2024-09-16,Purchase,3680,0,1,3680,980.4,2026-06-25
Prachi,BAJFINANCE,INE296A01024,Bajaj Finance Limited,2025-06-14,Bonus,0,0,8,0,980.4,2026-06-25
Prachi,BAJFINANCE,INE296A01024,Bajaj Finance Limited,2025-06-17,Purchase,5580,0,6,930,980.4,2026-06-25
Prachi,BAJFINANCE,INE296A01024,Bajaj Finance Limited,2025-06-17,Purchase,1860,0,2,930,980.4,2026-06-25
Prachi,BAJAJHFL,INE377Y01014,Bajaj Housing Finance Limited,2024-09-13,Purchase,104860,0,1498,70,87.5,2026-06-25
Prachi,HDFCBANK,INE040A01034,HDFC Bank Limited,2024-08-13,Purchase,3216,0,2,1608,796.3,2026-06-25
Prachi,HDFCBANK,INE040A01034,HDFC Bank Limited,2025-08-29,Bonus,0,0,2,0,796.3,2026-06-25
Prachi,INDUSINDBK,INE095A01012,IndusInd Bank Limited,2024-10-01,Purchase,4215,0,3,1405,918.95,2026-06-25
Prachi,INFY,INE009A01021,Infosys Limited,2023-04-17,Purchase,49566,0,40,1239.15,1041.2,2026-06-25
Prachi,INFY,INE009A01021,Infosys Limited,2024-09-18,Purchase,5685,0,3,1895,1041.2,2026-06-25
Prachi,INFY,INE009A01021,Infosys Limited,2024-10-18,Purchase,1875,0,1,1875,1041.2,2026-06-25
Prachi,ITC,INE154A01025,ITC Limited,2024-10-09,Purchase,1698.68,0,4,424.67,290,2026-06-25
Prachi,ITC,INE154A01025,ITC Limited,2025-07-30,Dividend,79,0,0,0,290,2026-06-25
Prachi,JSWSTEEL,INE019A01038,JSW Steel Limited,2024-08-02,Purchase,4530,0,5,906,1231,2026-06-25
Prachi,JSWSTEEL,INE019A01038,JSW Steel Limited,2024-08-05,Purchase,5238,0,6,873,1231,2026-06-25
Prachi,M&M,INE101A01026,Mahindra & Mahindra Limited,2024-10-25,Purchase,2690,0,1,2690,3182.2,2026-06-25
Prachi,NESTLEIND,INE239A01016,Nestle India Limited,2024-10-17,Purchase,4760,0,2,2380,1402.6,2026-06-25
Prachi,NESTLEIND,INE239A01016,Nestle India Limited,2025-08-08,Bonus,0,0,2,0,1402.6,2026-06-25
Prachi,NMDC,INE584A01023,NMDC Limited,2025-06-17,Purchase,2760,0,40,69,84.94,2026-06-25
Prachi,RELIANCE,INE002A01018,Reliance Industries Limited,2024-10-01,Purchase,5856,0,2,2928,1318.1,2026-06-25
Prachi,RELIANCE,INE002A01018,Reliance Industries Limited,2024-10-26,Bonus,0,0,2,0,1318.1,2026-06-25
Prachi,RELIANCE,INE002A01018,Reliance Industries Limited,2024-11-05,Purchase,24567,0,19,1293,1318.1,2026-06-25
Prachi,TCS,INE467B01029,Tata Consultancy Services Limited,2024-09-18,Purchase,4372,0,1,4372,2094.7,2026-06-25
Prachi,TATACONSUM,INE192A01025,Tata Consumer Products Limited,2023-04-17,Purchase,49980,0,70,714,1131.3,2026-06-25
Prachi,TMCV,INE1TAE01010,Tata Motors Limited,2025-10-16,Bonus,0,0,16,0,431.9,2026-06-25
Prachi,TMPV,INE155A01022,Tata Motors Passenger Vehicles Limited,2024-08-02,Purchase,4438.6,0,4,1109.65,353.2,2026-06-25
Prachi,TMPV,INE155A01022,Tata Motors Passenger Vehicles Limited,2024-08-05,Purchase,5265,0,5,1053,353.2,2026-06-25
Prachi,TMPV,INE155A01022,Tata Motors Passenger Vehicles Limited,2024-09-11,Purchase,6832,0,7,976,353.2,2026-06-25
Prachi,TATASTEEL,INE081A01020,Tata Steel Limited,2024-08-02,Purchase,4898,0,31,158,188.71,2026-06-25
Prachi,TATASTEEL,INE081A01020,Tata Steel Limited,2024-08-05,Purchase,5049,0,33,153,188.71,2026-06-25
Prachi,TATASTEEL,INE081A01020,Tata Steel Limited,2024-10-08,Purchase,5024,0,32,157,188.71,2026-06-25
Prachi,TATASTEEL,INE081A01020,Tata Steel Limited,2024-11-13,Purchase,1390,0,10,139,188.71,2026-06-25
Prachi,TECHM,INE669C01036,Tech Mahindra Limited,2024-08-05,Purchase,4305,0,3,1435,1437.1,2026-06-25
Prachi,TECHM,INE669C01036,Tech Mahindra Limited,2024-09-18,Purchase,4800,0,3,1600,1437.1,2026-06-25
